{
    "test_loss": 0.05524543107733068,
    "test_accuracy": 98.24000000000001
}